{"Train":[{"roc_auc": 0.9999220709099056,"threshold": 2.8799530626894594}]
,"Val":[{"roc_auc": 0.7999645641389085,"threshold": -3.7012767533998225}]
,"Test":[{"roc_auc": 0.8395083406496927,"threshold": -1.3647682220489532}]
}
