{"Train":[{"roc_auc": 1.0,"threshold": -2.2428309294554563}]
,"Val":[{"roc_auc": 0.9533422064477965,"threshold": -3.2894646622635815}]
,"Test":[{"roc_auc": 0.9144042232277526,"threshold": 0.4043768099001088}]
}
