{"Train":[{"roc_auc": 0.9968911711901995,"threshold": 0.5321943179981119},{"roc_auc": 0.9960235032190687,"threshold": -0.49420831964777356}]
,"Val":[{"roc_auc": 0.9135338345864662,"threshold": -1.2729673376073825},{"roc_auc": 0.9332472006890611,"threshold": -0.781164384103036}]
,"Test":[{"roc_auc": 0.9738442822384428,"threshold": -0.5037052767412789},{"roc_auc": 0.9761194029850746,"threshold": -0.9074048852777334}]
}
