{"Train":[{"roc_auc": 0.9991874338197406,"threshold": 0.7220212604190479},{"roc_auc": 0.9989039948770997,"threshold": -0.1700232718680592}]
,"Val":[{"roc_auc": 0.8578947368421053,"threshold": -3.5523318084510596},{"roc_auc": 0.8815049504950495,"threshold": -3.4964176565557867}]
,"Test":[{"roc_auc": 0.9152659850979032,"threshold": -0.49177773411686765},{"roc_auc": 0.8465443825745169,"threshold": -2.8825881650617298}]
}
